영화코드,영화명,개봉일,대표국적,장르,관람객평점,평론가평점,네티즌평점,남자평점,여자평점,관객수
167697,신과함께-인과 연,180801,한국,모험,0.875,0.631,0.809,0.617,0.839,12274996
136315,어벤져스: 인피니티 워,180425,미국,액션,0.921,0.709,0.939,0.879,0.923,11212710
156464,보헤미안 랩소디,181031,미국,드라마,0.958,0.614,0.988,0.925,0.975,9224582
154222,미션 임파서블: 폴아웃,180725,미국,액션,0.928,0.756,0.957,0.898,0.948,6584915
85579,신과함께-죄와 벌,171220,한국,모험,0.885,0.592,0.822,0.64,0.8,5872007
154285,쥬라기 월드: 폴른 킹덤,180606,미국,액션,0.866,0.64,0.841,0.699,0.856,5661128
144330,앤트맨과 와스프,180704,미국,액션,0.898,0.613,0.905,0.808,0.903,5448134
163533,안시성,180919,한국,액션,0.875,0.622,0.838,0.672,0.902,5440186
137326,블랙 팬서,180214,미국,액션,0.845,0.667,0.786,0.656,0.797,5399227
167638,완벽한 타인,181031,한국,드라마,0.921,0.613,0.905,0.84,0.832,5293435
158191,1987,171227,한국,드라마,0.944,0.808,0.967,0.89,0.974,5290310
158178,독전,180522,한국,액션,0.853,0.529,0.79,0.634,0.827,5063684
153687,공작,180808,한국,드라마,0.797,0.693,0.718,0.616,0.704,4974520
119428,베놈,181003,미국,액션,0.836,0.46,0.829,0.738,0.849,3888096
167105,암수살인,181003,한국,액션,0.87,0.814,0.873,0.795,0.844,3789321
149236,데드풀 2,180516,미국,액션,0.922,0.586,0.912,0.812,0.866,3784602
164192,국가부도의 날,181128,한국,드라마,0.882,0.65,0.854,0.742,0.903,3747952
151728,코코,180111,미국,모험,0.933,0.8,0.972,0.919,0.963,3510017
151153,아쿠아맨,181219,미국,액션,0.889,0.683,0.876,0.813,0.848,3491857
158180,그것만이 내 세상,180117,한국,드라마,0.93,0.52,0.935,0.866,0.907,3419339
175322,마녀,180627,한국,공포,0.869,0.563,0.858,0.805,0.829,3189091
159892,탐정: 리턴즈,180613,한국,드라마,0.912,0.6,0.881,0.734,0.89,3152872
136990,인크레더블 2,180718,미국,모험,0.945,0.733,0.969,0.869,0.957,3033052
172425,서치,180829,미국,드라마,0.909,0.76,0.936,0.88,0.918,2949944
140652,너의 결혼식,180822,한국,멜로/로맨스,0.913,0.657,0.881,0.806,0.833,2820969
172454,곤지암,180328,한국,공포,0.762,0.633,0.673,0.588,0.691,2675575
168298,지금 만나러 갑니다,180314,한국,멜로/로맨스,0.911,0.55,0.915,0.835,0.916,2602273
169015,목격자,180815,한국,공포,0.767,0.525,0.507,0.351,0.551,2524720
165748,조선명탐정: 흡혈괴마의 비밀,180208,한국,모험,0.763,0.517,0.696,0.604,0.696,2444136
154255,신비한 동물들과 그린델왈드의 범죄,181114,미국,모험,0.757,0.533,0.646,0.51,0.643,2414062
149248,메이즈 러너: 데스 큐어,180117,미국,액션,0.827,0.5,0.823,0.684,0.892,2299732
164115,맘마미아!2,180808,미국,드라마,0.921,0.62,0.94,0.842,0.93,2293884
136898,레디 플레이어 원,180328,미국,액션,0.884,0.836,0.895,0.841,0.872,2254430
162981,명당,180919,한국,드라마,0.786,0.58,0.74,0.595,0.777,2087474
164106,협상,180919,한국,액션,0.828,0.543,0.77,0.643,0.813,1967721
157297,마약왕,181219,한국,액션,0.728,0.514,0.663,0.571,0.702,1813594
152656,쥬만지: 새로운 세계,180103,미국,액션,0.856,0.533,0.829,0.713,0.839,1708672
160487,창궐,181025,한국,액션,0.655,0.52,0.53,0.426,0.592,1599290
174835,성난황소,181122,한국,액션,0.877,0.467,0.786,0.652,0.83,1593386
171755,도어락,181205,한국,공포,0.781,0.611,0.624,0.474,0.694,1559616
154449,리틀 포레스트,180228,한국,드라마,0.914,0.636,0.92,0.827,0.924,1506269
158112,골든슬럼버,180214,한국,액션,0.636,0.5,0.544,0.426,0.616,1387508
162249,램페이지,180412,미국,액션,0.895,0.48,0.87,0.756,0.904,1385511
141206,궁합,180228,한국,드라마,0.76,0.4,0.675,0.524,0.701,1340117
153675,오션스8,180613,미국,액션,0.85,0.58,0.801,0.475,0.882,1335829
165026,사라진 밤,180307,한국,공포,0.805,0.467,0.733,0.635,0.72,1315726
164101,스윙키즈,181219,한국,드라마,0.906,0.638,0.877,0.616,0.925,1258811
142739,바람 바람 바람,180405,한국,드라마,0.674,0.46,0.645,0.601,0.593,1194229
166092,PMC: 더 벙커,181226,한국,액션,0.662,0.69,0.546,0.453,0.61,1179031
164139,범블비,181225,미국,액션,0.887,0.678,0.847,0.733,0.893,1167150
169347,챔피언,180501,한국,드라마,0.757,0.543,0.659,0.568,0.711,1128774
125494,퍼시픽 림: 업라이징,180321,미국,액션,0.807,0.56,0.701,0.598,0.796,1077235
169643,몬스터 호텔 3,180808,미국,모험,0.881,0.5,0.901,0.752,0.822,1072220
168049,더 넌,180919,미국,공포,0.747,0.45,0.7,0.611,0.697,1011580
160375,스카이스크래퍼,180711,미국,액션,0.878,0.425,0.8,0.675,0.855,1002858
153651,염력,180131,한국,드라마,0.63,0.6,0.523,0.459,0.56,990104
118955,월요일이 사라졌다,180222,영국,액션,0.862,0.525,0.873,0.798,0.892,903175
109906,인랑,180725,한국,액션,0.533,0.573,0.404,0.328,0.46,898945
175727,극장판 헬로카봇 : 백악기 시대,180801,한국,모험,0.944,0.6,0.969,0.812,0.949,879449
159877,레슬러,180509,한국,드라마,0.653,0.433,0.514,0.447,0.466,771141
172010,상류사회,180829,한국,드라마,0.575,0.44,0.445,0.405,0.35,768442
132996,물괴,180912,한국,액션,0.653,0.45,0.504,0.416,0.568,723622
155356,미쓰백,181011,한국,드라마,0.938,0.611,0.955,0.828,0.973,722182
174805,신비아파트: 금빛 도깨비와 비밀의 동굴,180725,한국,모험,0.894,0.6,0.915,0.713,0.911,678091
168058,퍼스트맨,181018,미국,액션,0.797,0.744,0.73,0.678,0.691,665364
171725,스파이더맨: 뉴 유니버스,181212,미국,모험,0.95,0.825,0.965,0.905,0.944,639934
106360,위대한 쇼맨,171220,미국,드라마,0.942,0.66,0.984,0.94,0.957,588434
158647,인시디어스4: 라스트 키,180131,미국,공포,0.742,0.533,0.716,0.659,0.699,554521
173653,"그날, 바다",180412,한국,드라마,0.996,0.64,0.94,0.818,0.986,540631
158601,툼레이더,180308,미국,액션,0.769,0.5,0.678,0.576,0.756,540410
160491,페르디난드,180103,미국,모험,0.91,0.633,0.932,0.794,0.93,533776
155263,버닝,180517,한국,공포,0.792,0.769,0.696,0.709,0.549,528435
85578,7년의 밤,180328,한국,공포,0.609,0.55,0.502,0.446,0.501,528007
152661,메가로돈,180815,미국,액션,0.764,0.44,0.614,0.538,0.61,527962
168011,콰이어트 플레이스,180412,미국,공포,0.841,0.7,0.812,0.731,0.835,526073
158622,호두까기 인형과 4개의 왕국,181206,미국,모험,0.83,0.5,0.748,0.73,0.691,513767
158626,셰이프 오브 워터: 사랑의 모양,180222,미국,드라마,0.88,0.818,0.876,0.784,0.876,507102
168023,곰돌이 푸 다시 만나 행복해,181003,미국,모험,0.907,0.633,0.939,0.886,0.923,492201
164151,변산,180704,한국,드라마,0.845,0.65,0.803,0.692,0.84,490519
150688,그린치,181219,미국,모험,0.862,0.5,0.874,0.662,0.784,485064
168050,스타 이즈 본,181009,미국,드라마,0.928,0.743,0.961,0.896,0.949,483852
166610,동네사람들,181107,한국,액션,0.722,0.4,0.554,0.461,0.574,461693
152156,원더풀 고스트,180926,한국,드라마,0.81,0.483,0.695,0.564,0.774,450374
155665,강철비,171214,한국,액션,0.885,0.718,0.875,0.783,0.886,438447
159805,흥부: 글로 세상을 바꾼 자,180214,한국,드라마,0.7,0.457,0.465,0.359,0.441,416303
173019,명탐정 코난 : 제로의 집행인,180808,일본,모험,0.938,0.6,0.951,0.792,0.949,396230
154226,피터 래빗,180516,미국,모험,0.931,0.55,0.923,0.689,0.895,388300
180379,점박이 한반도의 공룡2 : 새로운 낙원,181225,한국,모험,0.929,0.7,0.958,0.866,0.95,375312
146489,패딩턴 2,180208,프랑스,드라마,0.926,0.767,0.953,0.835,0.97,339014
167787,허스토리,180627,한국,드라마,0.968,0.667,0.974,0.836,0.983,336822
143416,미드나잇 선,180621,미국,멜로/로맨스,0.892,0.525,0.923,0.843,0.916,326086
154667,덕구,180405,한국,드라마,0.943,0.55,0.987,0.891,0.991,315663
176354,번 더 스테이지: 더 무비,181115,한국,드라마,0,0.6,0.977,0.658,0.987,315010
164183,트루스 오어 데어,180522,미국,공포,0.817,0.35,0.751,0.648,0.772,310956
152249,커뮤터,180124,영국,액션,0.89,0.557,0.85,0.769,0.905,286062
144266,후드,181128,미국,모험,0.819,0.475,0.688,0.558,0.731,284601
172975,극장판 짱구는 못말려: 아뵤! 쿵후 보이즈 ~라면 대란~,181219,일본,모험,0.902,0.822,0,0.689,0.818,277206
30688,해리포터와 마법사의 돌,11213,미국,모험,0,0.923,0,0.872,0.979,267950
156496,모털 엔진,181205,미국,액션,0.73,0.55,0.643,0.58,0.7,267896
173692,바울,181031,미국,드라마,0.962,0.5,0.962,0.822,0.988,267785
167602,나를 차버린 스파이,180822,미국,액션,0.832,0.58,0.832,0.58,0.929,264766
66725,명탐정 코난:감벽의 관,180214,일본,모험,0.871,0.5,0.88,0.731,0.909,242603
168017,아이 필 프리티,180606,미국,드라마,0.916,0.4,0.902,0.709,0.903,240297
152680,시카리오: 데이 오브 솔다도,180627,미국,액션,0.9,0.643,0.884,0.84,0.883,229542
153620,치즈인더트랩,180314,한국,멜로/로맨스,0.765,0.4,0.535,0.413,0.55,229005
168037,12 솔져스,180131,미국,액션,0.968,0.5,0.85,0.773,0.922,223740
149504,1급기밀,180124,한국,드라마,0.899,0.586,0.931,0.874,0.952,217803
154598,50가지 그림자: 해방,180221,미국,드라마,0.849,0.267,0.833,0.607,0.858,217785
172003,속닥속닥,180713,한국,공포,0.91,0.35,0.532,0.478,0.553,217444
164155,벽 속에 숨은 마법시계,181031,미국,모험,0.796,0.467,0.631,0.503,0.524,215029
158631,허리케인 하이스트,180314,미국,액션,0.859,0.35,0.775,0.671,0.829,214949
144693,한 솔로: 스타워즈 스토리,180524,미국,액션,0.85,0.729,0.824,0.764,0.852,213980
158885,콜 미 바이 유어 네임,180322,이탈리아,드라마,0.925,0.78,0.808,0.475,0.93,198945
159862,나미야 잡화점의 기적,180228,일본,모험,0.777,0.575,0.768,0.727,0.728,191988
174626,업그레이드,180906,미국,액션,0,0.667,0.948,0.896,0.946,190387
180384,런닝맨 : 풀룰루의 역습,181205,한국,모험,0.784,0.6,0.81,0.71,0.83,186912
68291,극장판 포켓몬스터DP - 디아루가 VS 펄기아 VS 다크라이,180606,일본,모험,0.829,0.6,0.842,0.738,0.768,183421
172118,극장판 도라에몽: 진구의 보물섬,180815,일본,모험,0.908,0.6,0.921,0.803,0.873,183220
151196,원더,171227,미국,드라마,0.956,0.686,0.993,0.912,0.989,181938
172420,유전,180607,미국,공포,0.8,0.713,0.752,0.706,0.715,177647
127335,더 프레데터,180912,미국,액션,0.744,0.4,0.608,0.527,0.716,170878
172174,어느 가족,180726,일본,드라마,0.938,0.813,0.965,0.913,0.933,170743
172187,극장판 포켓몬스터 모두의 이야기,181219,일본,모험,0.929,0.7,0.94,0.806,0.93,169677
170496,극장판 요괴워치 섀도사이드: 도깨비왕의 부활,180920,일본,모험,0.905,0.884,0,0.849,0.891,157689
168047,크레이지 리치 아시안,181025,미국,멜로/로맨스,0.81,0.65,0.737,0.626,0.703,154297
142272,다운사이징,180111,미국,드라마,0.59,0.613,0.552,0.53,0.506,150215
158555,나를 기억해,180419,한국,공포,0.826,0.367,0.692,0.59,0.72,141222
159848,더 포스트,180228,미국,드라마,0.894,0.763,0.916,0.85,0.935,139389
175365,빅샤크: 매직체인지,180627,중국,모험,0.773,0.4,0.732,0.542,0.647,138740
158178,독전: 익스텐디드 컷,180718,한국,액션,0.853,0.529,0.79,0.634,0.827,137871
154251,얼리맨,180503,영국,모험,0.851,0.6,0.851,0.747,0.842,122359
171452,부탁 하나만 들어줘,181212,미국,액션,0.824,0.683,0.818,0.742,0.819,115024
171822,"안녕, 나의 소녀",180516,대만,멜로/로맨스,0.723,0.5,0.678,0.62,0.616,111751
157243,당갈,180425,인도,드라마,0.976,0.7,0.991,0.9,0.996,109465
170879,할로윈,181031,미국,공포,0.74,0.743,0.66,0.572,0.701,108780
151744,레드 스패로,180228,미국,공포,0.867,0.533,0.898,0.842,0.905,108344
158611,레이디 버드,180404,미국,드라마,0.88,0.782,0.888,0.778,0.891,101781
172005,게이트,180228,한국,액션,0.901,0.3,0.378,0.329,0.414,101381
171440,미니특공대X,180322,한국,모험,0.802,0.76,0,0.651,0.641,100164
168405,여중생A,180620,한국,드라마,0.749,0.6,0.663,0.477,0.697,97849
158610,쓰리 빌보드,180315,미국,드라마,0.917,0.82,0.924,0.859,0.924,97480
172009,마야2,180201,독일,모험,0.927,0.6,0.982,0.918,0.979,97165
173466,커다랗고 커다랗고 커다란 배,180503,덴마크,모험,0.902,0.65,0.944,0.779,0.97,95459
164719,플로리다 프로젝트,180307,미국,드라마,0.905,0.85,0.901,0.831,0.88,94822
165722,극장판 포켓몬스터 너로 정했다!,171221,일본,모험,0.904,0.6,0.929,0.85,0.917,94300
144906,베일리 어게인,181122,미국,모험,0.953,0.54,1,0.922,0.993,93691
178214,루이스,180920,독일,모험,0.883,0.6,0.934,0.898,0.956,93000
158620,셜록 놈즈,181003,미국,모험,0.844,0.45,0.893,0.746,0.925,91036
172344,신은 죽지 않았다 3: 어둠 속의 빛,180719,미국,드라마,0.908,0.5,0.875,0.702,0.952,86295
179139,출국,181114,한국,드라마,0.945,0.4,0.919,0.846,0.941,81880
168030,호텔 아르테미스,180718,미국,액션,0.724,0.5,0.682,0.594,0.732,77794
163842,올 더 머니,180201,미국,액션,0.864,0.7,0.836,0.757,0.866,70310
171499,마일22,180823,미국,액션,0.788,0.4,0.778,0.72,0.819,69837
171750,여곡성,181108,한국,공포,0.507,0.375,0.44,0.399,0.468,67368
173004,레오나르도 다 빈치,180426,이탈리아,모험,0.838,0.798,0,0.526,0.881,64655
165561,번개맨과 신비의 섬,180405,한국,드라마,0,0.4,0.988,0.853,0.976,60561
152694,킬링 디어,180712,미국,공포,0.841,0.714,0.718,0.624,0.63,60008
18847,타이타닉,980220,미국,멜로/로맨스,1,0.933,0.98,0.895,0.988,59455
171752,소공녀,180322,한국,드라마,0,0,0,0,0,59110
172768,어드리프트:우리가 함께한 바다,180906,미국,드라마,0.894,0.65,0.917,0.85,0.913,59009
169642,엘리엇과 산타 썰매단,181212,캐나다,모험,0.701,0.55,0.683,0.506,0.616,57579
171401,매직빈,180503,중국,모험,0.751,0.5,0.705,0.597,0.678,57004
92125,헌터 킬러,181206,미국,액션,0.913,0.5,0.984,0.934,0.98,56511
163844,몬스터 패밀리,171221,독일,모험,0.842,0.6,0.872,0.85,0.832,56019
151241,머니백,180412,한국,액션,0.735,0.5,0.615,0.539,0.695,53610
169349,뽀로로 극장판 공룡섬 대모험,171207,한국,모험,0.934,0.918,0,0.848,0.932,53592
167699,말모이,190109,한국,드라마,0.932,0.586,0.954,0.834,0.971,53576
164684,"부르고뉴, 와인에서 찾은 인생",180503,프랑스,드라마,0.878,0.65,0.911,0.859,0.914,53569
47370,그래비티,131017,미국,액션,0.925,0.867,0.869,0.829,0.832,52504
175318,너의 췌장을 먹고 싶어,181115,일본,모험,0.865,0.733,0.859,0.823,0.783,52355
179683,번개맨의 비밀,181206,한국,드라마,0.886,0.902,0,0.894,0.993,50863
172006,젝스키스 에이틴,180118,한국,드라마,0,0.903,0,0.392,1,50419
146469,택시운전사,170802,한국,드라마,0.941,0.609,0.948,0.825,0.969,12186327
142384,공조,170118,한국,액션,0.896,0.5,0.867,0.638,0.876,7817618
135874,스파이더맨: 홈 커밍,170705,미국,액션,0.896,0.7,0.877,0.751,0.862,7258678
161242,범죄도시,171003,한국,액션,0.941,0.6,0.959,0.89,0.937,6879841
146506,군함도,170726,한국,액션,0.744,0.617,0.554,0.439,0.545,6592151
153652,청년경찰,170809,한국,액션,0.916,0.51,0.869,0.723,0.84,5653270
172748,더 킹,170118,한국,드라마,0,0,0,0,0,5317693
136872,미녀와 야수,170316,미국,모험,0.912,0.7,0.921,0.803,0.895,5138328
149747,킹스맨: 골든 서클,170927,미국,액션,0.873,0.5,0.878,0.782,0.883,4945484
134898,토르: 라그나로크,171025,미국,액션,0.915,0.613,0.927,0.821,0.939,4853778
152385,꾼,171122,한국,액션,0.844,0.44,0.799,0.68,0.805,4018035
150637,남한산성,171003,한국,드라마,0.829,0.75,0.846,0.783,0.852,3849087
181047,미이라,170606,미국,공포,0,0,0,0,0,3689325
140731,분노의 질주: 더 익스트림,170412,미국,액션,0.931,0.6,0.94,0.846,0.935,3653238
150198,너의 이름은.,170104,일본,모험,0.915,0.755,0.918,0.875,0.847,3637608
132626,슈퍼배드 3,170726,미국,모험,0.888,0.5,0.912,0.808,0.88,3324874
161850,아이 캔 스피크,170921,한국,드라마,0.936,0.725,0.983,0.914,0.982,3279296
82473,캐리비안의 해적: 죽은 자는 말이 없다,170524,미국,액션,0.87,0.52,0.869,0.769,0.884,3049894
146517,프리즌,170323,한국,액션,0.837,0.6,0.794,0.673,0.757,2931897
146480,덩케르크,170720,미국,액션,0.874,0.855,0.87,0.79,0.895,2788732
127398,가디언즈 오브 갤럭시 VOL. 2,170503,미국,액션,0.918,0.625,0.938,0.871,0.934,2735721
137890,살인자의 기억법,170906,한국,액션,0.829,0.578,0.807,0.715,0.807,2658589
123630,트랜스포머: 최후의 기사,170621,미국,액션,0.7,0.283,0.659,0.525,0.785,2614601
176225,보안관,170503,한국,공포,0,0,0,0,0,2588628
127382,조작된 도시,170209,한국,액션,0.868,0.522,0.843,0.69,0.9,2515501
129094,보스 베이비,170503,미국,모험,0.897,0.52,0.91,0.751,0.867,2452245
149512,재심,170215,한국,드라마,0.882,0.6,0.892,0.791,0.897,2421197
155716,박열,170628,한국,드라마,0.86,0.67,0.849,0.726,0.873,2359206
130849,모아나,170112,미국,모험,0.935,0.64,0.961,0.864,0.968,2310206
145162,마스터,161221,한국,액션,0.877,0.577,0.85,0.645,0.823,2215266
117787,로건,170301,미국,액션,0.906,0.755,0.951,0.913,0.95,2169109
125473,원더 우먼,170531,미국,액션,0.836,0.67,0.807,0.722,0.835,2165401
156083,겟 아웃,170517,미국,공포,0.857,0.714,0.868,0.801,0.865,2138174
143394,혹성탈출: 종의 전쟁,170815,미국,액션,0.827,0.775,0.831,0.736,0.887,2051315
152341,애나벨 : 인형의 주인,170810,미국,공포,0.77,0.7,0.764,0.698,0.747,1934270
162173,노무현입니다,170525,한국,드라마,0.962,0.667,0.935,0.806,0.98,1855149
116866,저스티스 리그,171115,미국,액션,0.801,0.583,0.809,0.742,0.865,1786383
152625,킬러의 보디가드,170830,미국,액션,0.923,0.56,0.882,0.807,0.889,1721757
127397,콩: 스컬 아일랜드,170308,미국,액션,0.824,0.617,0.814,0.711,0.865,1689717
144927,23 아이덴티티,170222,미국,공포,0.805,0.65,0.804,0.754,0.753,1675819
144280,임금님의 사건수첩,170426,한국,드라마,0.816,0.563,0.809,0.692,0.831,1635003
160749,부라더,171102,한국,드라마,0.794,0.58,0.763,0.67,0.767,1492903
160399,기억의 밤,171129,한국,공포,0.853,0.567,0.855,0.778,0.855,1386611
181411,해피 데스데이,171108,미국,공포,0.841,0.6,0.772,0.691,0.762,1382650
152170,브이아이피,170823,한국,액션,0.697,0.5,0.683,0.736,0.503,1373316
146485,특별시민,170426,한국,드라마,0.785,0.591,0.775,0.714,0.767,1362634
99715,에이리언: 커버넌트,170509,미국,액션,0.831,0.711,0.852,0.773,0.905,1307226
137696,장산범,170817,한국,공포,0.753,0.58,0.642,0.503,0.667,1306438
155256,악녀,170608,한국,액션,0.793,0.54,0.73,0.621,0.804,1208081
137875,해빙,170301,한국,공포,0.673,0.6,0.681,0.633,0.676,1204600
134963,라라랜드,161207,미국,드라마,0.903,0.834,0.901,0.829,0.836,1185287
178260,하루,170615,한국,드라마,0,0,0,0,0,1129609
129095,지오스톰,171019,미국,액션,0.823,0.55,0.781,0.672,0.835,1028384
125488,스타워즈: 라스트 제다이,171214,미국,액션,0.792,0.771,0.684,0.574,0.828,946547
154112,불한당: 나쁜 놈들의 세상,170517,한국,액션,0.826,0.583,0.659,0.505,0.747,939535
186231,그것,170906,미국,공포,0,0,0,0,0,888836
154272,오리엔트 특급 살인,171129,미국,드라마,0.798,0.588,0.839,0.808,0.821,863567
149221,대립군,170531,한국,드라마,0.77,0.65,0.764,0.643,0.857,837500
143402,베이비 드라이버,170914,영국,액션,0.853,0.767,0.838,0.768,0.833,822769
110333,레지던트 이블: 파멸의 날,170125,미국,액션,0.871,0.6,0.879,0.798,0.921,765259
134838,공각기동대 : 고스트 인 더 쉘,170329,미국,액션,0.737,0.514,0.73,0.669,0.762,764072
101904,트롤,170216,미국,모험,0.894,0.55,0.914,0.751,0.91,675966
116233,패신저스,170104,미국,모험,0.814,0.55,0.836,0.817,0.764,668576
144938,씽,161221,미국,드라마,0.912,0.671,0.94,0.884,0.922,667598
143473,아빠는 딸,170412,한국,드라마,0.868,0.4,0.845,0.743,0.867,647305
176670,컨택트,170202,미국,모험,0,0,0,0,0,634150
152616,47 미터,170719,영국,공포,0.743,0.4,0.762,0.697,0.782,590045
159037,메리와 마녀의 꽃,171207,일본,모험,0.802,0.583,0.743,0.781,0.518,535331
149777,얼라이드,170111,미국,공포,0.87,0.65,0.931,0.907,0.924,518886
137970,발레리안: 천 개 행성의 도시,170830,프랑스,액션,0.823,0.556,0.818,0.736,0.841,511931
126034,그레이트 월,170215,미국,액션,0.804,0.45,0.668,0.591,0.7,501486
153642,침묵,171102,한국,드라마,0.837,0.609,0.82,0.755,0.82,494097
152396,카3: 새로운 도전,170713,미국,모험,0.874,0.55,0.889,0.787,0.883,487916
102278,트리플 엑스 리턴즈,170208,미국,액션,0.831,0.696,0,0.599,0.755,475309
159934,리얼,170628,한국,드라마,0,0,0,0,0,470105
152633,라이프,170405,미국,액션,0.793,0.567,0.756,0.702,0.74,459984
159054,명탐정 코난:진홍의 연가,170802,일본,모험,0.903,0.6,0.922,0.79,0.937,450043
147092,히든 피겨스,170323,미국,드라마,0.949,0.675,0.981,0.893,0.989,449518
155411,반드시 잡는다,171129,한국,공포,0.823,0.65,0.784,0.702,0.829,446780
142699,원라인,170329,한국,액션,0.879,0.571,0.856,0.698,0.907,435048
155484,터닝메카드W: 블랙미러의 부활,170118,한국,모험,0.9,0.873,0,0.674,0.877,429933
118966,스머프: 비밀의 숲,170428,미국,모험,0.873,0.7,0.898,0.8,0.859,427764
136868,로그 원: 스타워즈 스토리,161228,미국,액션,0.846,0.716,0.888,0.859,0.871,422822
127374,킹 아서: 제왕의 검,170517,영국,액션,0.823,0.525,0.815,0.72,0.905,415714
121052,넛잡 2,171003,한국,모험,0.875,0.5,0.918,0.882,0.942,411787
137945,아메리칸 메이드,170914,미국,액션,0.781,0.667,0.811,0.782,0.782,401541
144379,러빙 빈센트,171109,영국,모험,0.931,0.75,0.967,0.902,0.976,384540
152331,보통사람,170323,한국,드라마,0.861,0.586,0.836,0.749,0.88,383336
154353,대장 김창수,171019,한국,드라마,0.857,0.467,0.725,0.584,0.825,381483
156675,눈의 여왕 3: 눈과 불의 마법대결,170104,러시아,모험,0.846,0.856,0,0.92,0.919,366442
118307,어쌔신 크리드,170111,미국,액션,0.739,0.567,0.742,0.684,0.797,355913
185755,플립,170712,미국,모험,0,0,0,0,0,355617
127346,석조저택 살인사건,170509,한국,공포,0.834,0.467,0.765,0.636,0.765,353517
146459,싱글라이더,170222,한국,드라마,0.812,0.59,0.866,0.814,0.879,351276
155715,7호실,171115,한국,드라마,0.722,0.643,0.686,0.56,0.718,347790
154437,내 사랑,170712,아일랜드,드라마,0.93,0.671,0.962,0.932,0.932,336089
156477,극장판 짱구는 못말려 : 습격!! 외계인 덩덩이,170720,일본,모험,0.879,0.861,0,0.791,0.913,333184
140010,사랑하기 때문에,170104,한국,드라마,0.85,0.6,0.841,0.747,0.851,324526
140696,희생부활자,171012,한국,공포,0.671,0.517,0.636,0.542,0.723,323628
88227,블레이드 러너 2049,171012,미국,액션,0.833,0.822,0.837,0.795,0.81,321424
165025,빅풋 주니어,170809,벨기에,모험,0.895,0.885,0,0.798,0.945,320545
143932,존 윅 - 리로드,170222,미국,액션,0.885,0.7,0.843,0.805,0.813,276379
153964,목소리의 형태,170509,일본,모험,0.886,0.76,0.884,0.855,0.793,276131
132933,판도라,161207,한국,드라마,0.89,0.592,0.868,0.739,0.892,270936
165461,공범자들,170817,한국,드라마,0.975,0.644,0.956,0.838,0.99,260514
142317,미옥,171109,한국,액션,0.707,0.433,0.519,0.408,0.593,238587
176748,딥,171003,스페인,멜로/로맨스,0,0.3,0.609,0.754,0.354,230068
156200,극장판 요괴워치: 하늘을 나는 고래와 더블세계다냥!,170927,일본,모험,0.871,0.5,0.872,0.596,0.743,215203
100205,어쌔신: 더 비기닝,171207,미국,액션,0.817,0.55,0.726,0.617,0.822,205368
175978,발레리나,170209,프랑스,모험,0,0,0,0,0,202916
144081,50가지 그림자: 심연,170209,미국,드라마,0.786,0.225,0.774,0.671,0.768,189620
152684,문라이트,170222,미국,드라마,0.851,0.789,0.844,0.733,0.863,178141
142305,핵소 고지,170222,미국,드라마,0.933,0.6,0.966,0.91,0.978,177616
162932,채비,171109,한국,드라마,0.894,0.5,0.914,0.809,0.932,177428
157178,"나는 내일, 어제의 너와 만난다",171012,일본,멜로/로맨스,0.856,0.6,0.928,0.921,0.834,175518
158910,예수는 역사다,170713,미국,드라마,0.917,0.4,0.809,0.614,0.944,172414
153279,극장판 도라에몽: 진구의 남극 꽁꽁 대모험,170810,일본,모험,0.88,0.6,0.928,0.86,0.967,167052
143372,더 큐어,170215,미국,공포,0.742,0.62,0.759,0.731,0.723,159948
144191,이프 온리,41029,미국,드라마,0,0,0,0,0,159627
144215,아토믹 블론드,170830,미국,액션,0.815,0.643,0.829,0.769,0.852,155368
125439,레고 닌자고 무비,170928,미국,모험,0.882,0.4,0.882,0.651,0.874,154966
152161,비정규직 특수요원,170316,한국,드라마,0.736,0.325,0.626,0.484,0.785,149719
132627,레고 배트맨 무비,170209,미국,모험,0.882,0.667,0.892,0.813,0.882,148760
161847,극장판 또봇: 로봇군단의 습격,170427,한국,모험,0,0.6,0.979,0.86,0.973,141865
167035,극장판 에그엔젤 코코밍: 푸르밍과 두근두근 코코밍 세계,170907,일본,모험,0,0.803,0,0.767,0.867,137052
155680,로마의 휴일,170830,한국,드라마,0.779,0.3,0.707,0.642,0.739,134827
134772,눈길,170301,한국,드라마,0.915,0.6,0.961,0.842,0.986,130440
154214,시간위의 집,170405,한국,공포,0.848,0.471,0.797,0.71,0.817,128975
158849,명탐정 코난: 에피소드 원-작아진 명탐정,170208,일본,모험,0,0.629,0,0.566,0.668,128472
153951,루돌프와 많이있어,161228,일본,모험,0.885,0.638,0.921,0.855,0.92,126483
162824,저수지 게임,170907,한국,공포,0.983,0.667,0.96,0.845,0.99,125402
157500,마이펫 오지,170216,스페인,모험,0.819,0.82,0,0.867,0.807,124318
160135,"서서평, 천천히 평온하게",170426,한국,드라마,0.954,0.55,0.961,0.872,0.946,123344
159408,극장판 소드 아트 온라인 -오디널 스케일-,170223,일본,모험,0.938,0.893,0,0.837,0.936,120667
149050,짱구는 못말려 극장판: 폭풍수면! 꿈꾸는 세계 대돌격,170125,일본,모험,0.888,0.882,0,0.848,0.953,119197
154458,파리로 가는 길,170803,미국,드라마,0.824,0.517,0.827,0.67,0.799,119171
164290,킹 오브 프리즘 - 프라이드 더 히어로,170610,일본,모험,0.997,0.913,0,0.506,0.977,119135
139673,여교사,170104,한국,드라마,0.74,0.678,0.69,0.633,0.669,116851
152268,직쏘,171102,미국,공포,0,0.4,0.763,0.706,0.815,111506
163027,베이블레이드 버스트 갓 : 갓 발키리의 탄생,170601,일본,모험,0,0.749,0,0.7,0.773,109358
174652,라이언,170201,호주,모험,0,0,0,0,0,104439
151117,더 테이블,170824,한국,드라마,0.844,0.55,0.837,0.703,0.82,103054
130713,루시드 드림,170222,한국,액션,0.816,0.3,0.616,0.463,0.732,102170
137346,딥워터 호라이즌,170125,미국,액션,0.889,0.65,0.846,0.76,0.845,101303
94183,슈퍼 빼꼼: 스파이 대작전,170503,한국,모험,0.827,0.45,0.873,0.881,0.853,99693
151674,김광석,170830,한국,드라마,0.903,0.6,0.911,0.793,0.95,98231
146407,다크타워: 희망의 탑,170823,미국,액션,0.748,0.425,0.765,0.702,0.844,97017
159516,인비저블 게스트,170921,스페인,액션,0.897,0.65,0.936,0.878,0.939,94877
179973,사일런스,170228,미국,공포,0.745,0.4,0.569,0.51,0.556,94750
164968,노 게임 노 라이프 -제로-,171019,일본,모험,0.811,0.719,0,0.694,0.866,90643
125401,몬스터 콜,170914,스페인,드라마,0.871,0.688,0.897,0.811,0.92,89560
146575,다크 나이트,80806,미국,드라마,0,0,0,0,0,89164
149776,지랄발광 17세,170628,미국,드라마,0,0.64,0.828,0.768,0.824,83258
125417,파도가 지나간 자리,170308,미국,드라마,0.906,0.6,0.949,0.906,0.936,82736
160464,꼬마참새 리차드: 아프리카 원정대,170615,독일,모험,0.883,0.871,0,0.8,0.902,81136
156417,너와 100번째 사랑,170525,일본,드라마,0.861,0.467,0.834,0.674,0.838,80614
165585,드래곤 스펠: 마법 꽃의 비밀,170815,독일,모험,0,0.844,0,0.868,0.844,79446
165029,오즈: 신기한 마법가루,170720,러시아,모험,0.769,0.771,0,0.6,0.891,78440
125447,오두막,170420,미국,드라마,0.926,0.4,0.899,0.73,0.923,76646
149731,패트리어트 데이,170406,미국,드라마,0.902,0.5,0.925,0.865,0.954,74827
143490,파워레인져스: 더 비기닝,170420,미국,액션,0.812,0.65,0.753,0.694,0.802,73875
160964,바다 탐험대 옥토넛 시즌4: 더 파이널,170601,영국,모험,0.85,0.832,0,0.69,0.784,73797
182896,더 서클,170622,미국,드라마,0,0,0,0,0,71362
158576,극장판 파워레인저: 애니멀포스 VS 닌자포스 미래에서 온 메시지,171109,일본,액션,0.888,0.864,0,0.7,0.965,65895
152265,포켓몬 더 무비 XY&Z 「볼케니온 : 기계왕국의 비밀」,161222,일본,모험,0.886,0.872,0,0.806,0.929,63518
156185,극장판 쿠로코의 농구 라스트 게임,170427,일본,모험,0.969,0.91,0,0.645,0.993,63311
169561,뷰티풀 투모로우,171026,한국,드라마,0,0.926,0,0.657,1,63279
165514,리틀 프린세스 소피아 : 신비한 섬,170928,미국,모험,0.876,0.845,0,0.482,0.936,62454
168478,더 크리스마스,171221,미국,모험,0.887,0.7,0.944,0.84,0.946,62082
158266,바다 탐험대 옥토넛 시즌4: 바다 괴물 대소동,170125,영국,모험,0.842,0.823,0,0.61,0.789,60980
152309,나의 붉은고래,170615,중국,모험,0.77,0.55,0.612,0.455,0.609,58454
156465,밤의 해변에서 혼자,170323,한국,드라마,0.773,0.763,0.594,0.533,0.395,57056
166008,래빗 스쿨,171123,독일,모험,0.868,0.883,0,0.912,0.944,55784
137956,맨체스터 바이 더 씨,170215,미국,드라마,0.902,0.778,0.916,0.85,0.912,55658
154262,위시 어폰,170720,미국,공포,0.772,0.35,0.75,0.7,0.742,55586
168508,극장판 숲의 요정 페어리루 ~크리스마스의 기적: 마법의 날개~,171214,일본,모험,0,0.775,0,0.764,0.789,54988
154267,매혹당한 사람들,170906,미국,공포,0.788,0.7,0.717,0.646,0.607,54041
125418,튤립 피버,171214,영국,드라마,0.781,0.533,0.772,0.73,0.737,52144
149757,윈드 리버,170914,미국,공포,0.864,0.733,0.894,0.854,0.867,50813
130966,부산행,160720,한국,액션,0.871,0.71,0.838,0.654,0.837,11565479
130903,검사외전,160203,한국,액션,0.868,0.594,0.833,0.623,0.803,9707581
122527,캡틴 아메리카: 시빌 워,160427,미국,액션,0.896,0.75,0.91,0.83,0.861,8677249
137952,밀정,160907,한국,액션,0.869,0.75,0.885,0.786,0.88,7500420
141104,터널,160810,한국,드라마,0.875,0.721,0.877,0.763,0.864,7120508
142822,인천상륙작전,160727,한국,액션,0.867,0.341,0.842,0.74,0.852,7049643
165795,럭키,161013,한국,드라마,0,0,0,0,0,6975290
121051,곡성,160512,한국,공포,0.835,0.818,0.799,0.726,0.728,6879908
94767,덕혜옹주,160803,한국,액션,0.884,0.595,0.876,0.739,0.868,5599229
125459,닥터 스트레인지,161026,미국,액션,0.901,0.703,0.914,0.819,0.911,5446239
130850,주토피아,160217,미국,모험,0.946,0.72,0.981,0.922,0.98,4706158
154255,신비한 동물사전,161116,미국,모험,0.757,0.533,0.646,0.51,0.643,4662534
123519,아가씨,160601,한국,공포,0.78,0.768,0.747,0.64,0.704,4287839
97692,쿵푸팬더3,160128,미국,모험,0.89,0.647,0.906,0.788,0.897,3984812
167108,귀향,160224,한국,드라마,0.927,0.5,0.826,0.629,0.935,3587173
181030,데드풀,160217,미국,액션,0.837,0.861,0,0.851,0.908,3317196
113344,나우 유 씨 미 2,160713,미국,액션,0.865,0.534,0.872,0.79,0.862,3100113
142803,형,161123,한국,드라마,0.905,0.455,0.875,0.695,0.874,2979659
119430,엑스맨: 아포칼립스,160525,미국,액션,0.836,0.735,0.86,0.791,0.895,2938818
129383,미스 페레그린과 이상한 아이들의 집,160928,미국,모험,0.87,0.708,0.887,0.825,0.87,2718158
100647,히말라야,151216,한국,드라마,0.879,0.563,0.837,0.608,0.81,2630352
144968,제이슨 본,160727,미국,액션,0.843,0.597,0.88,0.84,0.896,2611966
97629,도리를 찾아서,160706,미국,모험,0.874,0.652,0.894,0.803,0.861,2601734
183996,아수라,160928,한국,모험,0,0,0,0,0,2594028
127394,정글북,160609,미국,모험,0,0.5,0,0.5,0,2537438
134980,마이펫의 이중생활,160803,미국,모험,0.879,0.667,0.899,0.798,0.843,2520670
109960,배트맨 대 슈퍼맨: 저스티스의 시작,160324,미국,액션,0.725,0.595,0.719,0.687,0.637,2256913
139700,굿바이 싱글,160629,한국,드라마,0.854,0.597,0.849,0.695,0.87,2108273
134895,봉이 김선달,160706,한국,드라마,0.838,0.514,0.809,0.608,0.872,2051277
124212,레버넌트: 죽음에서 돌아온 자,160114,미국,모험,0.808,0.746,0.821,0.765,0.815,2007188
114282,컨저링 2,160609,미국,공포,0.846,0.657,0.864,0.805,0.841,1928605
147001,내부자들: 디 오리지널,151231,한국,액션,0.922,0.904,0,0.894,0.927,1924720
126032,수어사이드 스쿼드,160803,미국,액션,0.771,0.515,0.731,0.606,0.762,1898220
74866,인디펜던스 데이 : 리써전스,160622,미국,액션,0.744,0.52,0.762,0.676,0.85,1500830
115504,탐정 홍길동: 사라진 마을,160504,한국,드라마,0.835,0.68,0.813,0.66,0.854,1430885
125468,벤허,160914,미국,모험,0.86,0.367,0.867,0.764,0.899,1400301
109910,굿 다이노,160107,미국,모험,0.905,0.622,0.921,0.818,0.908,1328913
143245,셜록: 유령신부,160102,영국,액션,0.762,0.65,0.75,0.581,0.812,1278894
130720,특별수사: 사형수의 편지,160616,한국,액션,0.866,0.52,0.871,0.79,0.876,1241899
124025,시간이탈자,160413,한국,공포,0.799,0.493,0.745,0.61,0.786,1202384
134899,동주,160217,한국,드라마,0.931,0.75,0.983,0.909,0.984,1172641
75006,워크래프트: 전쟁의 서막,160609,미국,액션,0.879,0.596,0.909,0.866,0.916,1163274
125414,스타트렉 비욘드,160817,미국,액션,0.859,0.71,0.861,0.748,0.91,1157156
142625,미씽: 사라진 여자,161130,한국,공포,0.865,0.672,0.878,0.734,0.914,1153109
145292,"당신, 거기 있어줄래요",161214,한국,모험,0.892,0.544,0.912,0.852,0.902,1124815
144918,라이트 아웃,160824,미국,공포,0.782,0.736,0,0.695,0.741,1111284
136686,오빠생각,160121,한국,드라마,0.862,0.566,0.892,0.784,0.925,1069864
140718,"날, 보러와요",160407,한국,공포,0.814,0.55,0.761,0.569,0.759,1063442
144944,맨 인 더 다크,161005,미국,공포,0.855,0.704,0.832,0.749,0.801,1003406
137915,미 비포 유,160601,미국,드라마,0.812,0.578,0.756,0.627,0.803,945172
136835,매그니피센트 7,160914,미국,액션,0.817,0.579,0.831,0.773,0.836,921317
118967,갓 오브 이집트,160303,미국,모험,0.812,0.35,0.772,0.676,0.8,919834
120791,레전드 오브 타잔,160629,미국,액션,0.813,0.525,0.803,0.69,0.853,858402
136893,좋아해줘,160217,한국,멜로/로맨스,0.872,0.64,0.864,0.789,0.843,848148
143456,브리짓 존스의 베이비,160928,미국,드라마,0.923,0.563,0.925,0.725,0.929,820995
146512,스플릿,161109,한국,드라마,0.928,0.638,0.944,0.864,0.955,758195
127865,런던 해즈 폴른,160310,미국,액션,0.859,0.4,0.771,0.665,0.784,731584
141824,국가대표 2,160810,한국,드라마,0.891,0.55,0.91,0.809,0.946,709929
129461,인페르노,161019,미국,공포,0.822,0.467,0.817,0.744,0.834,689071
167599,앵그리버드 더 무비,160519,미국,모험,0.912,0.6,0.882,0.719,0.806,680606
62285,그날의 분위기,160114,한국,멜로/로맨스,0.798,0.531,0.682,0.54,0.665,653287
124031,널 기다리며,160310,한국,공포,0.784,0.506,0.795,0.743,0.795,635235
143495,설리: 허드슨강의 기적,160928,미국,드라마,0.905,0.775,0.959,0.917,0.965,627102
119412,잭 리처: 네버 고 백,161130,미국,액션,0.825,0.488,0.748,0.646,0.757,611097
146560,싱 스트리트,160519,아일랜드,드라마,0.913,0.681,0.946,0.903,0.932,560790
127378,아이스 에이지: 지구 대충돌,160720,미국,모험,0.817,0.6,0.86,0.857,0.844,553760
122596,몬스터 호텔 2,151224,미국,모험,0.875,0.6,0.901,0.776,0.899,552334
130987,메카닉: 리크루트,160831,미국,액션,0.778,0.525,0.694,0.648,0.707,551897
10095,고스트버스터즈,160825,미국,액션,0,0.835,0,0.85,0.81,515553
118953,거울나라의 앨리스,160907,미국,모험,0.859,0.575,0.87,0.78,0.873,513202
141259,가려진 시간,161116,한국,드라마,0.836,0.668,0.888,0.767,0.916,510878
149049,명탐정 코난: 순흑의 악몽,160803,일본,모험,0.915,0.7,0.942,0.836,0.952,508869
120165,해어화,160413,한국,드라마,0.835,0.562,0.842,0.777,0.836,485695
132998,계춘할망,160519,한국,드라마,0.875,0.616,0.921,0.857,0.937,482516
136821,"로봇, 소리",160127,한국,드라마,0.837,0.658,0.889,0.838,0.9,476665
100072,스타워즈: 깨어난 포스,151217,미국,액션,0.833,0.755,0.814,0.72,0.817,470645
136842,빅쇼트,160121,미국,드라마,0.82,0.729,0.891,0.867,0.894,446712
94195,헌츠맨: 윈터스 워,160413,미국,액션,0.764,0.495,0.799,0.763,0.815,445009
177977,나를 잊지 말아요,160107,한국,드라마,0,0,0,0,0,425799
142691,나의 소녀시대,160512,대만,멜로/로맨스,0.963,0.68,0.925,0.831,0.926,409537
130786,조선마술사,151230,한국,드라마,0.697,0.463,0.692,0.544,0.763,403919
160437,언더 워터,160713,미국,액션,0,1,0,1,0,384789
134856,클로버필드 10번지,160407,미국,공포,0.757,0.717,0.792,0.778,0.706,357736
140647,위자: 저주의 시작,161109,미국,공포,0.784,0.45,0.751,0.711,0.686,331877
137884,극장판 요괴워치: 염라대왕과 5개의 이야기다냥!,160720,일본,모험,0.854,0.6,0.878,0.743,0.814,330725
144945,아기배달부 스토크,161207,미국,모험,0.896,0.7,0.916,0.824,0.891,322354
101962,캐롤,160204,미국,드라마,0.88,0.896,0.899,0.761,0.915,319357
136687,위대한 소원,160421,한국,드라마,0.831,0.5,0.823,0.806,0.754,308398
129072,스포트라이트,160224,미국,드라마,0.905,0.794,0.937,0.886,0.943,299878
172819,구스범스,160114,미국,모험,0.87,0.567,0.77,0.564,0.716,297356
122473,포인트 브레이크,160107,미국,액션,0.809,0.4,0.788,0.709,0.828,294320
113301,앨빈과 슈퍼밴드: 악동 어드벤처,160204,미국,모험,0.855,0.35,0.87,0.635,0.86,292495
145335,혼숨,161026,한국,공포,0.634,0.433,0.775,0.776,0.747,288016
182408,극장판 안녕 자두야,160504,한국,모험,0,0,0,0,0,280406
125802,비밀은 없다,160623,한국,공포,0.709,0.696,0.694,0.61,0.722,250829
139674,순정,160224,한국,드라마,0.907,0.55,0.924,0.775,0.937,240484
137908,닌자터틀 : 어둠의 히어로,160616,미국,액션,0.802,0.5,0.876,0.838,0.914,235207
133447,드림 쏭,160914,미국,모험,0.865,0.7,0.903,0.861,0.929,234387
136876,독수리 에디,160407,미국,드라마,0.909,0.675,0.946,0.911,0.932,226341
146214,원피스 필름 골드,161208,일본,모험,0.925,0.678,0.938,0.852,0.968,215546
140693,아이 엠 어 히어로,160921,일본,공포,0.767,0.583,0.668,0.639,0.627,212599
122133,남과 여,160225,한국,멜로/로맨스,0.766,0.6,0.833,0.69,0.867,203775
137281,짱구는 못말려 극장판: 나의 이사 이야기 선인장 대습격,160107,일본,모험,0.887,0.867,0,0.833,0.911,202538
152183,"무현, 두 도시 이야기",161026,한국,드라마,0.957,0.6,0.91,0.771,0.966,192668
121061,글로리데이,160324,한국,드라마,0.866,0.575,0.829,0.602,0.861,189221
70826,노트북,41126,미국,모험,0,0,0,0,0,182633
127496,대호,151216,한국,드라마,0.833,0.708,0.839,0.721,0.919,178574
133496,부활,160317,미국,드라마,0.905,0.6,0.876,0.714,0.954,176122
148655,매직브러시,160504,중국,모험,0.782,0.5,0.834,0.839,0.836,172370
180130,조이,160310,미국,드라마,0,0,0,0,0,172253
136824,대배우,160330,한국,드라마,0.725,0.554,0.601,0.531,0.59,169984
133479,빅,160727,미국,모험,0.834,0.5,0.806,0.63,0.688,161196
152169,달빛궁궐,160907,한국,모험,0.788,0.5,0.676,0.511,0.695,153097
114265,어린왕자,151223,프랑스,모험,0.84,0.725,0.908,0.892,0.952,150512
137709,미스컨덕트,160330,미국,액션,0.634,0.367,0.658,0.634,0.642,149095
53152,500일의 썸머,100121,미국,드라마,0.92,0.775,0.884,0.843,0.852,147891
122195,서울역,160817,한국,모험,0.534,0.692,0.384,0.347,0.338,147031
140265,13시간,160303,미국,액션,0.855,0.55,0.846,0.792,0.894,145952
146534,자백,161013,한국,드라마,0.974,0.767,0.975,0.893,0.991,143648
93929,장난감이 살아있다,160907,아르헨티나,모험,0.811,0.5,0.789,0.648,0.739,142977
134135,극장판 아이엠스타 : 꿈의 오디션!,160211,일본,모험,0,0.858,0,0.834,0.9,141351
185860,플로렌스,160824,영국,공포,0,0,0,0,0,139717
147834,로빈슨 크루소,160907,벨기에,모험,0.834,0.7,0.859,0.658,0.873,139392
125444,제 5침공,160225,미국,모험,0.654,0.554,0,0.511,0.665,135874
145336,극장판 꼬마버스 타요의 에이스 구출작전,160121,한국,모험,0.894,0.872,0,0.861,0.871,135398
51787,대니쉬 걸,160217,미국,드라마,0.901,0.697,0.938,0.805,0.957,134079
22126,인생은 아름다워,990306,이탈리아,드라마,0.968,0.834,0.985,0.921,0.98,127325
137340,마이 리틀 자이언트,160810,미국,드라마,0.816,0.677,0.813,0.766,0.711,125800
146508,죽여주는 여자,161006,한국,모험,0,0.745,0.839,0.732,0.914,121444
124238,헤이트풀8,160107,미국,액션,0.895,0.85,0.886,0.853,0.844,120362
144355,감바의 대모험,161110,일본,모험,0.898,0.5,0.899,0.731,0.815,117488
145376,최강전사 미니특공대: 영웅의 탄생,160204,한국,모험,0.857,0.84,0,0.712,0.889,117170
148608,다이노소어 어드벤처 : 백악기 공룡대백과,160504,영국,모험,0.739,0.5,0.726,0.541,0.528,112242
134847,피터와 드래곤,160928,미국,모험,0.855,0.7,0.863,0.736,0.869,109137
184912,킹 오브 프리즘,160811,일본,모험,0.993,0.629,0,0.217,0.841,103852
119453,다이버전트 시리즈: 얼리전트,160512,미국,액션,0.837,0.45,0.765,0.627,0.853,103556
144310,무서운 이야기 3 : 화성에서 온 소녀,160601,한국,공포,0.504,0.6,0.608,0.569,0.63,97804
137921,바스티유 데이,161013,미국,액션,0.852,0.55,0.844,0.744,0.899,96579
145804,걷기왕,161020,한국,드라마,0.864,0.607,0.813,0.723,0.848,95542
147047,일사각오,160317,한국,드라마,0.955,0.918,0,0.896,0.969,94767
146311,나의 산티아고,160714,독일,드라마,0.838,0.6,0.853,0.772,0.846,94243
146548,태풍이 지나가고,160727,일본,드라마,0.878,0.707,0.903,0.863,0.866,93005
139613,오베라는 남자,160525,스웨덴,드라마,0.917,0.686,0.965,0.925,0.964,92380
127395,크리미널,160622,영국,액션,0.825,0.4,0.835,0.776,0.873,92358
131576,슈퍼 프렌즈,160810,한국,모험,0.881,0.6,0.915,0.775,0.941,89615
174259,룸,160303,아일랜드,드라마,0,0,0,0,0,87673
137010,포켓몬 더 무비 XY 후파: 광륜의 초마신,151223,일본,모험,0.889,0.874,0,0.818,0.929,86193
163133,유스,160107,이탈리아,드라마,0,0,0,0,0,85363
148620,다이노X 탐험대,160504,한국,모험,0.709,0.66,0,0.497,0.541,83319
137971,로스트 인 더스트,161103,미국,액션,0.849,0.81,0.893,0.854,0.898,81236
142689,최악의 하루,160825,한국,멜로/로맨스,0.859,0.69,0.821,0.691,0.802,80754
129331,오 마이 그랜파,160317,미국,드라마,0.835,0.465,0.783,0.743,0.72,79701
128273,엽기적인 그녀 2,160512,한국,멜로/로맨스,0.563,0.35,0.295,0.258,0.302,77124
140803,하이큐!! 끝과 시작,161116,일본,모험,0.924,0.89,0,0.658,0.916,75704
128392,라스트 위치 헌터,151230,미국,액션,0.737,0.4,0.705,0.624,0.754,72481
137887,언더월드: 블러드 워,161130,미국,액션,0,0.475,0.642,0.585,0.734,72071
130117,선생님의 일기,161102,태국,멜로/로맨스,0.913,0.62,0.931,0.887,0.927,71297
150632,세상에서 고양이가 사라진다면,161109,일본,드라마,0.884,0.59,0.899,0.834,0.914,70424
149505,바다 탐험대 옥토넛 시즌4: 늪지탐험선K,160928,영국,모험,0.864,0.854,0,0.859,0.915,69881
134859,어카운턴트,161013,미국,드라마,0.827,0.4,0.875,0.838,0.877,69529
179683,번개맨,160211,한국,드라마,0.886,0.902,0,0.894,0.993,69363
127361,이퀄스,160831,미국,드라마,0.825,0.679,0.871,0.829,0.863,68902
130757,스티브 잡스,160121,미국,드라마,0.792,0.64,0.786,0.719,0.833,68815
145318,아이엠스타 뮤직어워드,160914,일본,모험,0.779,0.467,0.811,0.691,0.863,67027
140730,올레,160825,한국,드라마,0.851,0.442,0.78,0.751,0.694,66883
149516,리틀메딕: 몸속탐험대,161124,독일,모험,0.802,0.8,0,0.762,0.889,66562
133424,데몰리션,160713,미국,드라마,0.855,0.678,0.894,0.854,0.9,66473
73462,레터스 투 갓,160225,미국,드라마,0.921,0.3,0.897,0.785,0.954,66250
146944,극장판 파워레인저: 닌자포스 VS 트레인포스 닌자 인 원더랜드,161103,일본,액션,0.863,0.894,0,0.887,0.965,64622
130983,트럼보,160407,미국,드라마,0.886,0.76,0.927,0.872,0.938,61964
147355,바다 탐험대 옥토넛 시즌4: 빙하탐험선S,160225,영국,모험,0.791,0.77,0,0.5,0.74,60977
154366,두 남자,161130,한국,액션,0.8,0.544,0.621,0.481,0.764,60365
141675,극장판 도라에몽: 신 진구의 버스 오브 재팬,161221,일본,모험,0.908,0.903,0,0.854,0.954,59147
149576,바다 탐험대 옥토넛 시즌4: 아슬아슬 구조대작전,160602,영국,모험,0.849,0.833,0,0.638,0.878,58619
10048,죽은 시인의 사회,900519,미국,드라마,0.971,0.75,0.983,0.919,0.976,57789
181701,더 보이,160601,미국,공포,0.659,0.491,0,0.5,0.418,56959
148656,극장판 프랭키와 친구들: 생명의 나무,160413,한국,모험,0.871,0.86,0,0.777,0.92,56842
170051,그물,161006,한국,드라마,0,0,0,0,0,56541
114237,드레스메이커,160211,호주,드라마,0.811,0.64,0.852,0.774,0.869,56316
169978,비포 선라이즈,960330,미국,드라마,0,0,0,0,0,56082
149511,빅뱅 메이드,160630,한국,드라마,0,0.571,0.941,0.538,0.993,55582
154133,백설공주 : 사라진 아빠를 찾아서,160929,중국,모험,0.765,0.737,0,0.64,0.755,55355
10293,불의 전차,160616,영국,드라마,0.87,0.71,0.877,0.775,0.857,55051
111954,파라노말 액티비티: 더 고스트 디멘션,160421,미국,공포,0.657,0.3,0.58,0.522,0.525,54972
154347,순종,161117,한국,드라마,0.974,0.5,0.948,0.829,0.948,54456
140011,잡아야 산다,160107,한국,드라마,0.736,0.3,0.425,0.258,0.669,54450
143253,뽀로로 극장판 컴퓨터 왕국 대모험,151210,한국,모험,0.895,0.879,0,0.819,0.906,53939
150376,"나, 다니엘 블레이크",161208,영국,드라마,0.941,0.84,0.973,0.91,0.976,53852
103657,브루클린,160421,미국,드라마,0.851,0.806,0.852,0.736,0.847,51106
125436,포레스트: 죽음의 숲,160330,미국,공포,0.763,0.3,0.529,0.409,0.537,50631
